company_name,job_title,posted_time,num_applicants
,,,
,,,
,,,
,,,
TikTok,"Experienced Product Manager, Content Promotion- TikTok Shop - Seattle",1 week ago,
Roundglass,"Living App - Leader, Product",2 weeks ago,Be among the first 25 applicants
TikTok,"TikTok Shop - Senior Product Manager, Campaign Management Platform",2 months ago,
PitchBook,Lead Product Manager,2 weeks ago,Be among the first 25 applicants
The Walt Disney Company,Sr Product Manager,1 month ago,
PitchBook,Lead Product Manager,2 weeks ago,Be among the first 25 applicants
,,,
,,,
ATD Technology LLC full-service Staffing & Recruiting Agency,Technical Product Manager (80% Onsite (3-4 days per week onsite)),4 months ago,
Microsoft,Senior Product Manager,,Be among the first 25 applicants
,,,
,,,
TikTok,"Senior Product Manager, Recommendation - TikTok Shop - User Experience & User Trust",2 months ago,
Amazon,"Sr. Product Manager, Prime",3 weeks ago,
Amazon,"Sr. Product Manager - Technical, Buy with Prime",2 weeks ago,Be among the first 25 applicants
TikTok,"TikTok Shop - Senior Product Manager, Seller Incubation Short Video",1 month ago,
,,,
Microsoft,Senior Product Manager,,Be among the first 25 applicants
Microsoft,Senior Product Manager,,Be among the first 25 applicants
Amazon,"Senior Product Manager - Tech, Devices Onsite Experience",3 days ago,Be among the first 25 applicants
Coinbase,"Product Manager II, HR Technology",3 weeks ago,
Walmart,"(USA) Senior Manager, Product Management, Ship with Walmart",2 days ago,Be among the first 25 applicants
TikTok,TikTok Shop - Data Product Leader,1 month ago,Over 200 applicants
Snap Inc.,"IT Product Manager, CRM",1 month ago,
Quizlet,Product Operations Manager,2 weeks ago,
Microsoft,Senior Product Manager,,Be among the first 25 applicants
,,,
SAP,Senior Product Manager - Product Strategy Business AI,2 weeks ago,
Walmart,"Senior Manager, Product Management - Walmart Fulfillment Services, Insights and Recommendations Experience",2 days ago,Be among the first 25 applicants
myGwork - LGBTQ+ Business Community,"Sr. Product Manager - Tech, Alexa Smart Home",1 week ago,Be among the first 25 applicants
Amazon,"Principal Product Manager-Tech, Principal Tech Product Manager- SCOT",3 weeks ago,Be among the first 25 applicants
myGwork - LGBTQ+ Business Community,"Sr. Product Manager, AMZL CommOps",1 month ago,Be among the first 25 applicants
Amazon,"Senior Product Manager, Technical, Alexa Routines",2 weeks ago,Be among the first 25 applicants
Pulumi,Principal Product Manager - IaC Platform,11 months ago,
,,,
Oracle,Principal Product Manager,1 day ago,Be among the first 25 applicants
,,,
myGwork - LGBTQ+ Business Community,Sr Principal Product Manager/Strategy,1 month ago,Be among the first 25 applicants
myGwork - LGBTQ+ Business Community,Sr Principal Product Manager/Strategy,1 month ago,Be among the first 25 applicants
myGwork - LGBTQ+ Business Community,"Senior Product Manager - Tech, Devices Onsite Experience",3 days ago,Be among the first 25 applicants
Amazon,"Principal Product Manager, Delivery Choices",3 weeks ago,Be among the first 25 applicants
myGwork - LGBTQ+ Business Community,Senior Principal Product Manager/Strategy 5-ProdDev,1 month ago,Be among the first 25 applicants
,,,
Snowflake,"Senior Manager, Product Management - Snowpark",3 weeks ago,
myGwork - LGBTQ+ Business Community,"Principal Product Manager, Technical, Alexa Routines",2 weeks ago,Be among the first 25 applicants
myGwork - LGBTQ+ Business Community,"Principal Product Manager Tech, Alexa Advertising",1 month ago,Be among the first 25 applicants
Warner Bros. Discovery,Senior Staff Product Manager- Tech (Live Streaming),1 month ago,
Microsoft,Principal Product Manager,,Be among the first 25 applicants
myGwork - LGBTQ+ Business Community,Sr Principal Product Manager/Strategy,1 month ago,Be among the first 25 applicants
,,,
myGwork - LGBTQ+ Business Community,"Senior Product Manager - Technical, WW Prime - Member Growth",1 week ago,Be among the first 25 applicants
Meta,Product Technical Program Manager,1 month ago,
myGwork - LGBTQ+ Business Community,"Sr. Product Manager, NA Stores - Selection",1 month ago,Be among the first 25 applicants
Amazon,"Principal Product Manager - Technical, Alexa Smart Home",3 weeks ago,Be among the first 25 applicants
,,,
myGwork - LGBTQ+ Business Community,"Principal Product Manager, Middle Mile Product & Tech",1 month ago,Be among the first 25 applicants
Brooks Running,Senior Footwear Product Line Manager,2 months ago,
myGwork - LGBTQ+ Business Community,"Senior Product Manager, Licensed Sports",1 month ago,Be among the first 25 applicants
RemoteWorker US,Senior Product Manager (Remote or Seattle),2 weeks ago,Be among the first 25 applicants
ServiceNow,Senior Product Manager - Global Cloud Services - Observability,2 weeks ago,Be among the first 25 applicants
,,,
ServiceNow,"Director, Inbound Product Manager, App Engine Generative AI Products",1 day ago,Be among the first 25 applicants
Amazon,"Principal Product Manager - Tech, Amazon Warehousing and Distribution",1 day ago,Be among the first 25 applicants
Amazon Web Services (AWS),"Senior Product Manager - Tech, Workspaces Thin Client",3 weeks ago,Be among the first 25 applicants
Aha!,Product Success Specialist (for product managers who want to guide other product teams),4 days ago,Be among the first 25 applicants
,,,
,,,
,,,
Amazon Web Services (AWS),"Sr. Product Manager-Technical, Industry Products - HCLS",1 week ago,
myGwork - LGBTQ+ Business Community,"Principal Product Manager - Technical, AWS Identity",1 month ago,Be among the first 25 applicants
Microsoft,Principal Group Product Manager,,Be among the first 25 applicants
Amazon,"Principal Technical Product Manager, SCOT AIM",3 days ago,Be among the first 25 applicants
TekWissen Â®,Product Manager II,3 weeks ago,Be among the first 25 applicants
,,,
myGwork - LGBTQ+ Business Community,"Senior Product Manager, Fleet Technology Products & Analytics (FTPA)",1 month ago,Be among the first 25 applicants
Amazon,"Sr. Product Manager-Technical, Amazon Financial Foundation Services",1 week ago,
