company_name,job_title,location,num_applicants
"Unreal Staffing, Inc",Data Analyst,"San Francisco, CA",2 weeks ago
"FocusKPI, Inc.",Junior Data Analyst,"San Francisco, CA",3 weeks ago
San Francisco Health Plan,Insights Data Analyst,"San Francisco, CA",1 month ago
Deputy,Data Analyst,"San Francisco, CA",1 month ago
Lyft,"Data Analyst, Strategy & Diagnostics","San Francisco County, CA",1 month ago
Notion,"Marketing Data Analyst, Web","San Francisco, CA",3 weeks ago
Notable,Data Analyst,"San Mateo, CA",2 months ago
,,,
Mammoth Growth,Data Analyst,"San Francisco, CA",4 months ago
Russell Tobin,Data Analyst,"San Francisco, CA",1 week ago
Altruist,Senior Data Analyst,"San Francisco, CA",3 days ago
Persona,Customer Data Analyst (SF),"San Francisco, CA",
Fivetran,Senior Marketing Data Analyst,"Oakland, CA",1 month ago
"Unreal Staffing, Inc",Senior Data Analytics Consultant,"San Francisco, CA",1 week ago
,,,
"Williams-Sonoma, Inc.","Analyst, Marketing Business Intelligence","San Francisco, CA",1 month ago
LeadStack Inc.,Business Data Analyst/ BI Analyst/ Data Support and Analytics L3 (W2 Position),"San Francisco, CA",1 month ago
Meta,"Data Engineer, Product Analytics","San Francisco, CA",1 month ago
LeadStack Inc.,Business Data Analyst/ Data Support and Analytics L4 (W2 Position),"San Francisco, CA",1 month ago
Russell Tobin,Sr. Data Analyst,"San Francisco, CA",1 month ago
eStaffing Inc.,Data Engineer,"San Francisco, CA",2 weeks ago
,,,
Veryfi,Data Annotation Engineer,"San Mateo, CA",1 month ago
CGS Federal (Contact Government Services),Data Engineer,"San Francisco, CA",1 day ago
Stanford University,Associate Data Engineer,"Redwood City, CA",1 week ago
Kaiser Permanente,"Data Reporting and Analytics Consultant V, Biostatistics","Oakland, CA",2 months ago
US Tech Solutions,Clinical Data Manager/Analyst,"South San Francisco, CA",1 month ago
Fig - Food Is Good,Data Engineer,"San Francisco, CA",4 weeks ago
,,,
"Estrada Consulting, Inc",Data Engineer,"San Francisco, CA",2 weeks ago
San Francisco Health Plan,"Senior Healthcare Analyst, Business Analytics","San Francisco, CA",1 week ago
Five9,Analytics and Reporting Engineer - Professional Services,"San Ramon, CA",1 month ago
"Unreal Staffing, Inc",Data Pipeline Developer,"San Francisco, CA",2 weeks ago
Nevro,Systems Engineer III,"Redwood City, CA",2 days ago
Agoda,"Business Data Analyst (Bangkok Based, relocation provided)","San Francisco, CA",1 month ago
Kaiser Permanente,"Data Reporting and Analytics Consultant III, Clinical Care Delivery and Quality Assurance Clinical Care Delivery and Quality Assurance","Oakland, CA",2 months ago
Underdog.io,Data Engineer,"San Francisco, CA",6 days ago
Health eCareers,"Data Reporting and Analytics Consultant III, Programming Programming","Oakland, CA",3 weeks ago
"Unreal Staffing, Inc",Shopify Developer,"San Francisco, CA",5 days ago
"Sunrise Systems, Inc.",Data Engineer,"San Ramon, CA",10 months ago
VTI Life Sciences,CSV Engineer,"San Francisco, CA",11 months ago
United Consulting Hub,CSV Engineer,"San Francisco, CA",2 weeks ago
Advanced Software Talent,Information Technology Business Analyst,"South San Francisco, CA",2 weeks ago
Gantri,Senior Data Engineer,"San Francisco, CA",1 month ago
,,,
Kiso Technology,Member of the Technical Staff,"San Francisco, CA",1 month ago
Meta,Workforce Analyst,"San Francisco, CA",1 month ago
Ariat International,Product Information Analyst,"San Leandro, CA",2 weeks ago
Flexport,Staff Systems Engineer,"San Francisco, CA",1 week ago
Caltrain,Track Engineer,"San Carlos, CA",1 week ago
Agoda,"Analyst/Senior Analyst (Analytics, Bangkok-based, Relocation provided)","San Francisco, CA",2 months ago
"Unreal Staffing, Inc",Machine Learning Infrastructure Engineer,"San Francisco, CA",2 weeks ago
"Unreal Staffing, Inc",Lead Database Developer,"San Francisco, CA",2 weeks ago
,,,
Arta Finance,Infrastructure Engineer,"San Francisco, CA",1 day ago
T-Stone Technologies,Business System Analyst,"Foster City, CA",1 week ago
Visa,Sr. Data Engineer,"Foster City, CA",1 month ago
Scion Staffing,Systems Engineer,"Oakland, CA",3 weeks ago
Marlee (Fingerprint For Success),Expression of Interest: Artificial Intelligence Developer,"San Francisco, CA",1 month ago
,,,
Alpha Consulting Corp.,HFM Developer,"San Francisco, CA",1 month ago
,,,
1872 Consulting,Data Platform Engineer,"San Francisco, CA",3 months ago
University of California Office of the President,"BUSINESS SYSTEMS ANALYST 4, Financial Management - 63075","Oakland, CA",4 months ago
,,,
Capital One,Lead Data Engineer,"San Francisco, CA",4 days ago
Block,"Business Systems Analyst, Oracle SCM","San Francisco, CA",1 week ago
Warner Bros. Discovery,HoH Social Programmer I,"San Francisco, CA",1 week ago
Rippling,Senior Data Engineer,"San Francisco, CA",1 month ago
StartupTAP,Senior IT Business Analyst (Req. #2564),"Oakland, CA",1 month ago
,,,
Jacobs,Office/Field Engineer,"Oakland, CA",
Epic,Splunk Infrastructure Engineer,"San Francisco, CA",1 month ago
CGS Federal (Contact Government Services),PostgreSQL Database Developer,"San Francisco, CA",1 week ago
AHMC HealthCare,SENIOR APPLICATION ANALYST,"Daly City, CA",3 weeks ago
"University of California, San Francisco",Bioinformatics Programmer II,"San Francisco, CA",2 weeks ago
"University of California, Berkeley","Videoconferencing and Calendars Service Lead / Business Systems Analyst (7584U), Campus IT Experience - #63801 - 63801","Berkeley, CA",2 months ago
Wispr AI,Neurotech Experimentalist,"San Francisco, CA",4 months ago
"Omega Solutions, Inc.",Data Pipeline Engineer,"Belmont, CA",2 months ago
Verkada,Software Engineer - Data Platform,"San Mateo, CA",1 month ago
"Unreal Staffing, Inc",Engineer,"San Francisco, CA",1 day ago
Stripe,Client Platform Engineer,"San Francisco, CA",3 days ago
Overview,"Applications Engineer (USA, Southeast)","San Francisco, CA",2 months ago
Overview,"Applications Engineer (USA, Southeast)","San Francisco, CA",2 months ago
Salesforce,Solution Engineer - West,"San Francisco, CA",1 week ago
Digitas North America,"Analyst, Precision","San Francisco, CA",2 weeks ago
,,,
Grammarly,"Security Engineer, Corporate Security","San Francisco, CA",1 week ago
University of California Office of the President,TEMPORARY ADMINISTRATIVE OPPORTUNITIES - 49418,"Oakland, CA",6 months ago
Pottery Barn Kids,"Analyst, Digital Marketing - Pottery Barn Kids","San Francisco, CA",2 weeks ago
